time,llama_server_working_set_gb,llama_server_private_gb,available_ram_gb
19:19:14,2.76,3.78,1.47
19:19:30,2.77,3.79,1.48
19:19:46,2.78,3.79,1.39
19:20:02,2.78,3.79,1.35
19:20:18,2.80,3.81,1.27
19:20:34,2.81,3.82,1.08
19:20:50,2.81,3.82,1.06
19:21:06,2.82,3.83,1.07
19:21:22,2.84,3.84,1.09
19:21:38,2.85,3.85,1.05
19:21:54,2.85,3.85,1.09
19:22:10,2.86,3.86,0.96
19:22:26,2.86,3.86,0.78
19:22:42,2.85,3.87,0.85
19:22:58,2.85,3.87,0.92
19:23:14,2.73,3.86,1.44
19:23:30,2.74,3.87,1.51
19:23:46,2.75,3.87,1.52
19:24:02,2.75,3.87,1.50
19:24:18,2.76,3.88,1.52
19:24:34,2.75,3.87,1.51
19:24:50,2.75,3.87,1.51
19:25:06,2.76,3.88,1.50
19:25:22,2.78,3.90,1.48
19:25:38,2.78,3.90,1.46
19:25:54,2.79,3.91,1.38
19:26:10,2.80,3.92,1.39
19:26:26,2.80,3.92,1.13
19:26:43,2.81,3.94,1.02
19:26:59,2.82,3.94,0.95
19:27:15,2.69,3.94,0.99
19:27:31,2.70,3.95,1.00
19:27:47,2.70,3.95,0.98
19:28:03,2.72,3.97,0.96
19:28:19,2.14,3.98,1.64
19:28:35,2.14,3.98,1.79
19:28:51,2.15,3.98,1.79
19:29:07,2.17,4.00,1.56
19:29:23,2.17,4.01,1.59
19:29:39,2.17,4.01,1.61
19:29:55,2.18,4.02,1.56
19:30:11,2.18,4.02,1.49
19:30:27,2.20,4.03,1.44
19:30:43,2.20,4.03,1.39
19:30:59,2.22,4.05,1.38
19:31:15,2.23,4.05,1.41
19:31:31,2.23,4.06,1.27
19:31:47,2.24,4.06,1.54
19:32:03,2.25,4.08,1.91
19:32:19,2.26,4.09,1.95
19:32:35,2.26,4.09,1.94
19:32:51,2.27,4.09,1.83
19:33:07,2.28,4.11,1.74
19:33:23,2.28,4.11,1.83
19:33:39,2.29,4.12,1.86
19:33:55,2.30,4.13,1.90
19:34:11,2.30,4.13,1.89
19:34:27,2.32,4.14,1.83
19:34:44,2.33,4.15,1.96
19:35:00,2.33,4.15,1.97
19:35:16,2.34,4.16,1.96
19:35:32,2.35,4.17,1.96
19:35:48,2.35,4.17,2.02
19:36:04,2.36,4.18,2.03
19:36:20,2.37,4.19,2.02
19:36:36,2.37,4.19,2.01
19:36:52,2.39,4.21,1.98
19:37:08,2.39,4.21,2.00
19:37:24,2.39,4.21,2.13
19:37:40,2.40,4.22,2.13
19:37:56,2.40,4.22,2.02
19:38:12,2.42,4.24,2.01
19:38:28,2.43,4.25,2.05
19:38:44,2.44,4.25,2.03
19:39:00,2.44,4.25,2.03
19:39:16,2.45,4.27,1.95
19:39:32,2.46,4.28,1.94
19:39:48,2.46,4.28,1.56
19:40:04,2.47,4.29,1.97
19:40:20,2.49,4.30,2.00
19:40:36,2.49,4.30,2.05
19:40:52,2.50,4.31,1.94
19:41:08,2.51,4.32,1.95
19:41:24,2.51,4.32,1.83
19:41:40,2.53,4.33,1.83
19:41:56,2.53,4.34,1.72
19:42:12,2.53,4.34,1.90
19:42:28,2.54,4.35,1.88
19:42:44,2.56,4.37,1.78
19:43:00,2.56,4.37,1.77
19:43:16,2.50,4.37,1.90
19:43:32,2.51,4.38,1.80
19:43:48,2.51,4.38,1.79
19:44:04,2.53,4.40,1.78
19:44:21,2.53,4.40,1.73
19:44:37,2.54,4.41,1.70
19:44:53,2.54,4.41,1.72
19:45:09,2.56,4.43,1.70
19:45:25,2.56,4.43,1.82
19:45:41,2.57,4.44,1.73
19:45:57,2.57,4.44,1.68
19:46:13,2.58,4.45,1.74
19:46:29,2.60,4.46,1.68
19:46:45,2.61,4.47,1.67
19:47:01,2.61,4.47,1.67
19:47:17,2.61,4.48,1.68
19:47:33,2.61,4.48,1.68
19:47:49,2.63,4.50,1.72
19:48:05,2.63,4.50,1.71
19:48:21,2.64,4.50,1.72
19:48:37,2.65,4.51,1.71
19:48:53,2.65,4.51,1.77
19:49:09,2.66,4.52,1.77
19:49:25,2.68,4.54,1.73
19:49:41,2.69,4.55,1.72
19:49:57,2.69,4.55,1.55
19:50:13,2.70,4.56,1.55
19:50:29,2.70,4.56,1.55
19:50:45,2.71,4.57,1.54
19:51:01,2.71,4.57,1.58
19:51:17,2.74,4.60,1.62
19:51:33,2.74,4.60,1.63
19:51:49,2.75,4.61,1.62
19:52:05,2.78,4.64,1.57
19:52:21,2.76,4.62,1.59
19:52:37,2.76,4.62,1.57
19:52:53,2.77,4.63,1.48
19:53:10,2.77,4.63,1.48
19:53:26,2.78,4.64,1.53
19:53:42,2.78,4.63,1.47
19:53:58,2.78,4.63,1.38
19:54:14,2.78,4.63,1.38
19:54:30,2.78,4.63,0.86
19:54:46,2.78,4.63,1.16
19:55:02,2.78,4.63,1.11
19:55:18,2.78,4.63,1.01
19:55:34,2.80,4.66,1.17
19:55:50,2.80,4.66,1.16
19:56:06,2.81,4.66,1.17
19:56:22,2.82,4.67,1.14
19:56:38,2.82,4.67,1.15
19:56:54,2.83,4.68,0.89
19:57:10,2.85,4.70,0.93
19:57:26,2.86,4.71,1.17
19:57:42,2.86,4.71,1.10
19:57:58,2.86,4.72,1.21
19:58:14,2.88,4.74,1.12
19:58:30,2.67,4.74,1.75
19:58:46,2.68,4.74,1.73
19:59:02,2.69,4.75,1.59
19:59:18,2.70,4.77,1.56
19:59:34,2.70,4.77,1.60
19:59:50,2.71,4.77,1.58
20:00:06,2.72,4.78,1.57
20:00:22,2.75,4.81,1.56
20:00:38,2.74,4.80,1.51
20:00:55,2.74,4.80,1.50
20:01:11,2.75,4.81,1.49
20:01:27,2.76,4.82,1.47
20:01:43,2.76,4.82,1.47
20:01:59,2.78,4.84,1.49
20:02:15,2.79,4.85,1.39
20:02:31,2.79,4.85,1.38
20:02:47,2.80,4.86,1.37
20:03:03,2.83,4.89,1.34
20:03:19,2.58,4.88,1.59
20:03:35,2.59,4.88,1.97
20:03:51,2.59,4.88,1.94
20:04:07,2.60,4.89,1.96
20:04:23,2.62,4.91,1.92
20:04:39,2.62,4.91,1.92
20:04:55,2.62,4.91,1.90
20:05:11,2.63,4.92,1.88
20:05:27,2.65,4.94,1.85
20:05:43,2.65,4.95,1.86
20:05:59,2.65,4.95,1.84
20:06:15,2.66,4.95,1.84
20:06:31,2.67,4.97,1.84
20:06:47,2.68,4.97,1.80
20:07:03,2.69,4.99,1.80
20:07:19,2.70,4.99,1.80
20:07:35,2.71,5.00,1.45
20:07:51,2.71,5.00,1.52
20:08:07,2.72,5.02,1.49
20:08:23,2.73,5.02,1.50
20:08:39,2.73,5.02,1.58
20:08:55,2.74,5.03,1.55
20:09:11,2.75,5.05,1.53
20:09:27,2.75,5.05,1.49
20:09:43,2.76,5.05,1.51
20:10:00,2.77,5.06,1.49
20:10:16,2.78,5.07,1.50
20:10:32,2.79,5.08,1.47
20:10:48,2.79,5.09,1.48
20:11:04,2.79,5.09,1.48
20:11:20,2.80,5.09,1.48
20:11:36,2.82,5.11,1.42
20:11:52,2.82,5.12,1.33
20:12:08,2.82,5.12,1.29
20:12:24,2.83,5.13,1.36
20:12:40,2.85,5.14,1.35
20:12:56,2.85,5.14,1.28
20:13:12,2.86,5.15,1.27
20:13:28,2.77,5.16,1.38
20:13:44,2.77,5.16,1.36
20:14:00,2.79,5.17,1.34
20:14:16,2.79,5.18,1.35
20:14:32,2.80,5.19,1.31
20:14:48,2.80,5.19,1.31
20:15:04,2.82,5.20,1.27
20:15:20,2.82,5.21,1.26
20:15:36,2.84,5.23,1.22
20:15:52,2.83,5.22,1.25
20:16:08,2.85,5.24,1.23
20:16:24,2.85,5.24,1.23
20:16:40,2.85,5.24,1.22
20:16:56,2.86,5.25,1.22
20:17:12,2.88,5.27,1.27
20:17:28,2.88,5.27,1.28
20:17:44,2.88,5.27,1.25
20:18:00,2.89,5.28,1.25
20:18:16,2.89,5.28,1.23
20:18:32,2.91,5.30,1.28
20:18:49,2.92,5.30,1.27
20:19:05,2.92,5.31,1.26
20:19:21,2.92,5.31,1.25
20:19:37,2.94,5.33,1.24
20:19:53,2.95,5.34,1.24
20:20:09,2.96,5.34,1.22
20:20:25,2.96,5.34,1.23
20:20:41,2.97,5.36,1.21
20:20:57,2.97,5.36,1.22
20:21:13,2.98,5.37,1.19
20:21:29,2.99,5.38,1.19
20:21:45,2.99,5.38,1.21
20:22:01,3.00,5.39,1.19
20:22:17,3.01,5.40,1.17
20:22:33,3.01,5.40,1.18
20:22:49,3.02,5.41,1.16
20:23:05,3.04,5.43,1.07
20:23:21,3.04,5.43,1.11
20:23:37,3.04,5.43,1.13
20:23:53,3.04,5.43,1.16
20:24:09,3.05,5.44,1.15
20:24:25,3.06,5.45,1.13
20:24:41,3.08,5.47,1.03
20:24:57,3.09,5.48,1.06
20:25:13,3.09,5.48,1.07
20:25:29,3.10,5.49,1.06
20:25:45,3.11,5.50,1.07
20:26:01,3.11,5.50,1.05
20:26:17,3.13,5.52,1.01
20:26:33,3.13,5.52,1.02
20:26:49,3.14,5.53,0.84
20:27:05,3.14,5.53,1.06
20:27:21,3.16,5.55,1.04
20:27:38,3.16,5.55,1.05
20:27:54,3.17,5.56,1.02
20:28:10,3.17,5.56,0.96
20:28:26,3.18,5.57,0.99
20:28:42,3.18,5.57,1.00
20:28:58,3.18,5.57,0.90
20:29:14,3.20,5.59,0.74
20:29:30,3.21,5.60,0.77
20:29:46,3.21,5.60,0.70
20:30:02,3.21,5.60,0.69
20:30:18,3.27,5.65,0.66
20:30:34,3.27,5.66,0.67
20:30:50,3.29,5.67,0.65
20:31:06,3.30,5.68,0.75
20:31:22,3.30,5.69,0.69
20:31:38,3.30,5.69,0.70
20:31:54,3.24,5.69,0.66
20:32:10,3.12,5.70,1.17
20:32:26,3.13,5.71,1.17
20:32:42,3.17,5.75,1.17
20:32:58,3.17,5.75,1.11
20:33:14,3.17,5.75,1.08
20:33:30,3.16,5.74,1.06
20:33:46,3.16,5.74,1.08
20:34:02,3.16,5.74,1.12
20:34:18,3.17,5.75,1.15
20:34:34,3.18,5.76,1.17
20:34:50,3.20,5.78,1.09
20:35:06,3.20,5.78,1.10
20:35:23,3.21,5.79,1.11
20:35:39,3.22,5.80,0.89
20:35:55,3.21,5.79,0.92
20:36:11,3.21,5.79,0.91
20:36:27,3.21,5.79,0.92
20:36:43,3.22,5.80,0.94
20:36:59,3.22,5.80,0.95
20:37:15,3.21,5.79,0.96
20:37:31,3.21,5.79,0.97
20:37:47,3.21,5.79,0.97
20:38:03,3.22,5.80,0.95
20:38:19,3.22,5.80,0.98
20:38:35,3.22,5.80,1.11
20:38:51,3.21,5.79,1.11
20:39:07,3.21,5.79,0.94
